SITE,TEXT,LINK
https://www.edu.ro,Jump to navigation,#main-menu
https://www.edu.ro,,/
https://www.edu.ro,MINISTER,http://edu.ro
https://www.edu.ro,Minister,/minister
https://www.edu.ro,Date de contact,http://edu.ro/contact
https://www.edu.ro,Legislație organizare și funcționare,/legislatie_organizare_functionare
https://www.edu.ro,Organigramă,https://edu.ro/organigrama
https://www.edu.ro,Echipa de conducere,/echipa_conducere
https://www.edu.ro,Structuri subordonate și în coordonare,/structuri-subordonate
https://www.edu.ro,Ministru,http://testsite.edu.ro/minister
https://www.edu.ro,Despre,/despre-ministru
https://www.edu.ro,Ordine ministru,https://www.edu.ro/legislatie-ordine-ministru
https://www.edu.ro,Cabinet ministru,/cabinet_ministru
https://www.edu.ro,Transparență instituțională,https://www.edu.ro/transparenta-institutionala
https://www.edu.ro,Proiecte acte normative,/consultari-publice
https://www.edu.ro,Legea 544 privind accesul la datele de interes public,/legea-544
https://www.edu.ro,Achiziții și licitații,/achizitii_licitatii
https://www.edu.ro,Concursuri,/concursuri
https://www.edu.ro,Rapoarte publice periodice,/rapoarte-publice-periodice
https://www.edu.ro,Transparență financiară,/transparenta-financiara
https://www.edu.ro,Declarații de avere și interese,/declaratii-avere-interese
https://www.edu.ro,Comunicare,/comunicare
https://www.edu.ro,Birou Presă,/birou_presa
https://www.edu.ro,Procedură acreditare jurnaliști,https://www.edu.ro/procedura_acreditare_presa_ME
https://www.edu.ro,Învăţământ preuniversitar,#
https://www.edu.ro,Descriere,/descriere
https://www.edu.ro,Educație timpurie (0 - 6 ani),/educatie_timpurie
https://www.edu.ro,Învățământ primar,/invatamant-primar
https://www.edu.ro,Învățământ gimnazial,/invatamant-gimnazial
https://www.edu.ro,Învățământ liceal,/invatamant-liceal
https://www.edu.ro,Învățământ postliceal,/invatamant-postliceal
https://www.edu.ro,Învățământul profesional,/invatamant-profesional
https://www.edu.ro,Învățământ dual,https://www.edu.ro/invatamant-dual
https://www.edu.ro,Învățământ special,/invatamant-special
https://www.edu.ro,Învățământ minorități naționale,/invatamant-minoritati-nationale
https://www.edu.ro,Burse școlare,https://www.edu.ro/burse_scolare
https://www.edu.ro,Carieră didactică - formare continuă,https://www.edu.ro/formare-continua
https://www.edu.ro,Resurse umane / Mobilitate personal didactic,/resurse-umane-mobilitate-personal-didactic
https://www.edu.ro,Management școlar,/management-scolar
https://www.edu.ro,Rețea școlară,/retea-scolara
https://www.edu.ro,Educație non-formală și informală,/educatie-non-formala-informala
https://www.edu.ro,Inspectorate școlare județene,/inspectorate-scolare-judetene
https://www.edu.ro,Învățământ superior,#
https://www.edu.ro,Descriere,/descriere-0
https://www.edu.ro,Studii universitare de licență,/studii-licenta
https://www.edu.ro,Studii universitare de  masterat,/studii-masterat
https://www.edu.ro,Studii universitare de doctorat,/studii-doctorat
https://www.edu.ro,Studii Postuniversitare,/studii-postuniversitare
https://www.edu.ro,Invățământ Terțiar Nonuniversitar,/tertiar-nonuniversitar
https://www.edu.ro,Acte de studii,/acte-de-studiu
https://www.edu.ro,Mobilități,/mobilitati
https://www.edu.ro,Titluri didactice și de cercetare,/titluri-stiintifice
https://www.edu.ro,Acordarea sau retragerea titlului de doctor,/CNATDCU
https://www.edu.ro,Asigurarea calității,/asigurarea-calit%C4%83%C8%9Bii
https://www.edu.ro,Activitate studențească,/activitate-studen%C8%9Beasc%C4%83
https://www.edu.ro,Facilități pentru studenți,/facilitati-studenti
https://www.edu.ro,Consilii Consultative,/consilii-consultative-0
https://www.edu.ro,Finanțare,/finantare-universitar
https://www.edu.ro,Abilitare,/abilitare-0
https://www.edu.ro,Instituții de învățământ superior,/institutii-invatamant-superior
https://www.edu.ro,Biblioteci Universitare,/biblioteci-universitare
https://www.edu.ro,„România Educată”,#
https://www.edu.ro,Memorandum implementare,https://www.edu.ro/memorandum_implementare
https://www.edu.ro,Pachetul de legi ale educației „România Educată”,https://www.edu.ro/legile_edu
https://www.edu.ro,Legislație subsecventă,https://www.edu.ro/LegileEdu_legislatie_subsecventa
https://www.edu.ro,PNRR,https://www.edu.ro/PNRR
https://www.edu.ro,Școli-pilot,https://www.edu.ro/scoli_pilot
https://www.edu.ro,Comitet interministerial monitorizare,https://www.edu.ro/CIM_2021
https://www.edu.ro,Cooperare internațională,#
https://www.edu.ro,Descriere,/despre%20cooperare%20int
https://www.edu.ro,Studiază în România,/studiaza-in-romania
https://www.edu.ro,Recunoaștere studii,https://www.edu.ro/recunoastere-echivalare-diplome
https://www.edu.ro,Proceduri pentru străinătate,https://www.edu.ro/proceduri-pentru-strainatate
https://www.edu.ro,Procesul Bologna,/procesul-bologna-0
https://www.edu.ro,Inițiativa de cooperare ASEM,/initiativa-cooperare-asem
https://www.edu.ro,Brexit,https://www.edu.ro/brexit
https://www.edu.ro,Cadrul european,https://www.edu.ro/cadrul_european
https://www.edu.ro,Mobilități,/mobilitati-internationale
https://www.edu.ro,Cooperare Bilaterală,/cooperare-bilaterala
https://www.edu.ro,Organizații Internaționale,/organizatii-internationale
https://www.edu.ro,Românii de Pretutindeni,/romanii-de-pretutindeni
https://www.edu.ro,Manifestări internaționale,/manifestari-internationale
https://www.edu.ro,Date de contact,https://www.edu.ro/contact
https://www.edu.ro,,
https://www.edu.ro,Structură an școlar 2024 - 2025,https://www.edu.ro/structura_an_scolar_2024_2025
https://www.edu.ro,Profil și standarde cadre didactice,https://edu.ro/profil_standarde_profesionale_cadru_didactic
https://www.edu.ro,Modele de subiecte și bareme examene || 2025,https://www.edu.ro/modele_subiecte_examene_nationale
https://www.edu.ro,,https://edu.ro/anti_violenta
https://www.edu.ro,Repere metodologice pentru aplicarea curriculumului la clasa a XII-a,https://www.edu.ro/repere_metodologice_2024_2025_XII
https://www.edu.ro,,https://edu.ro/educatie-rutiera
https://www.edu.ro,,https://www.edu.ro/practica
https://www.edu.ro,Legislație: ordine de ministru,https://www.edu.ro/legislatie-ordine-ministru
https://www.edu.ro,Manuale în format digital,/manuale-scolare
https://www.edu.ro,Modele subiecte examene 2025,https://www.edu.ro/modele_subiecte_examene_nationale
https://www.edu.ro,Legislație: ordine de ministru,https://www.edu.ro/legislatie-ordine-ministru
https://www.edu.ro,ROFUIP 2024,https://www.edu.ro/ROFUIP
https://www.edu.ro,Statutul elevului 2024,https://www.edu.ro/sites/default/files/_fi%C8%99iere/Legislatie/2024/OM_5707_2024_Statut_elev.pdf
https://www.edu.ro,Burse școlare,https://www.edu.ro/burse_scolare
https://www.edu.ro,Repere metodologice aplicare curriculum clasa a XII-a,https://www.edu.ro/repere_metodologice_2024_2025_XII
https://www.edu.ro,Inițiative antiviolență,https://edu.ro/anti_violenta
https://www.edu.ro,Acte de studii și documente școlare,/acte-de-studii-si-doc-scolare
https://www.edu.ro,Management școlar,/management-scolar
https://www.edu.ro,Recunoaștere acte de studiu,https://www.edu.ro/recunoastere-echivalare-diplome
https://www.edu.ro,Mișcarea personalului didactic,/mobilitate-personal-didactic
https://www.edu.ro,Situații de urgență (clădiri învățământ risc seismic),https://www.edu.ro/situatii_de_urgenta
https://www.edu.ro,Legislație: ordine de ministru,https://www.edu.ro/legisla%C8%9Bie-ordine-de-ministru
https://www.edu.ro,Studii universitare,/studii-universitare
https://www.edu.ro,Acte de studiu,/acte-de-studiu
https://www.edu.ro,Facilități studenți,https://www.edu.ro/facilit%C4%83%C8%9Bi-studen%C8%9Bi
https://www.edu.ro,Mobilități,/mobilitati
https://www.edu.ro,Studiază în România,/studiaza-in-romania
https://www.edu.ro,Recunoaștere și echivalare acte de studiu,/recunoastere-echivalare-diplome
https://www.edu.ro,Indemnizația de merit,/indemniza%C8%9Bia-de-merit
https://www.edu.ro,Jobs.edu.ro,http://jobs.edu.ro/
https://www.edu.ro,"Unitatea Executivă pentru Finanțarea Învățământului Superior, a Cercetării, Dezvoltării și Inovării UEFISCDI",http://uefiscdi.gov.ro/
https://www.edu.ro,Acces electronic naţional la literatura științifică,https://portal.anelisplus.ro/
https://www.edu.ro,"Mesajul ministrului Educației și Cercetării, Daniel David, cu prilejul noului an",/mesaj_ministru_EC_DD
https://www.edu.ro,România a primit avizul formal al OCDE în domeniul politicilor educaționale,/comunicat_presa_116_2024_aviz_formal_RO_OCDE
https://www.edu.ro,"Festivitate de premiere a olimpicilor internaționali din anul 2024, organizată de Ministerul...",/comunicat_presa_115_2024_premiere_olimpici_internationali
https://www.edu.ro,A fost aprobată programa școlară pentru disciplina obligatorie „Istoria comunismului din...,/comunicat_presa_114_2024_programa_scolara_istoria_comunismuluiRO
https://www.edu.ro,Ministerul Educației și Universitatea din București anunță lansarea rezultatelor studiului...,/comunicat_presa_113_2024_rezultate_RO_TIMSS23
https://www.edu.ro,România găzduiește a XXI-a ediție a Olimpiadei Internaționale de Științe pentru Juniori/...,/comunicat_presa_112_2024_IJSO_XI
https://www.edu.ro,MAI MULTE,/comunicate-de-presa
https://www.edu.ro,"Raport de activitate: Ligia Deca, Ministrul Educației [octombrie 2022 - decembrie 2024]",/raport_activitate_mandat_Ligia_Deca_10_2022_12_2024
https://www.edu.ro,Prioritățile Președinției poloneze la Consiliul UE (1 ianuarie - 30 iunie 2025),/prioritati_PRES_PL_CE_2025
https://www.edu.ro,Profilul și standardele profesionale ale cadrelor didactice,/profil_standarde_profesionale_cadru_didactic
https://www.edu.ro,"Team România, locul 8 la Campionatul European de Securitate Cibernetică 2024 (Torino, Italia)",/rezultate_elevi_RO_ECSC2024
https://www.edu.ro,"Pentru al doilea an la rând, România este parte din raportul anual OCDE „Education at a Glance...",/lansare_EAG_2024
https://www.edu.ro,Programul de prevenire a violenței și a infracțiunilor în mediul școlar „Împreună prindem...,/program_impreuna_prindem_curaj_2024
https://www.edu.ro,[DOCUMENT] Repere fundamentale în învățarea și dezvoltarea timpurie a copilului de la naștere...,/repere_invatare_dezvoltare_timpurie_rfidt
https://www.edu.ro,Ministerul Educației anunță derularea proiectului „Reglementări noi pentru un curriculum...,/info_derulare_proiect_RECRED
https://www.edu.ro,MAI MULTE,/noutati
https://www.edu.ro,Resurse,resurse
https://www.edu.ro,Legile Educației,https://www.edu.ro/legile_edu
https://www.edu.ro,ROFUIP 2024 // Regulament - cadru de organizare și funcționare a unităților de învățământ preuniversitar,https://www.edu.ro/rofuip
https://www.edu.ro,Statutul elevului 2024,https://www.edu.ro/sites/default/files/_fi%C8%99iere/Legislatie/2024/OM_5707_2024_Statut_elev.pdf
https://www.edu.ro,Plan național cadru de acțiune pentru siguranța școlară,https://www.edu.ro/Planul-National-Cadru-de-Actiune-privind-siguranta-scolara
https://www.edu.ro,Repere metodologice aplicare curriculum clasa a XII-a (2024 - 2025),https://www.edu.ro/repere_metodologice_2024_2025_XII
https://www.edu.ro,Legislație: ordine de ministru,https://www.edu.ro/legislatie-ordine-ministru
https://www.edu.ro,Manuale școlare,/manuale-scolare
https://www.edu.ro,Platforme informatice,https://www.edu.ro/platforme-informatice
https://www.edu.ro,Studii și analize,/studii-si-analize
https://www.edu.ro,Dezbatere publică,dezbatere-publica
https://www.edu.ro,Proiecte de acte normative în consultare publică,https://www.edu.ro/proiecte-acte-normative
https://www.edu.ro,Registrul Unic al Transparenței Intereselor,http://ruti.gov.ro/
https://www.edu.ro,"„Guvernare transparentă, deschisă și participativă - standardizare, armonizare, dialog îmbunătățit”",https://sgg.gov.ro/new/guvernare-transparenta-deschisa-si-participativa-standardizare-armonizare-dialog-imbunatatit-cod-sipoca-35/
https://www.edu.ro,Aplicarea Legii nr.52/2003 privind transparența decizională în administrația publică,https://www.edu.ro/legea-52
https://www.edu.ro,Consultări publice (arhivă),https://www.edu.ro/consultari-publice
https://www.edu.ro,Viziune,viziune
https://www.edu.ro,Legile Educației,https://www.edu.ro/legile_edu
https://www.edu.ro,Strategii Sectoriale,/strategii_sectoriale
https://www.edu.ro,PNRR || Componenta C 15: Educație,https://www.edu.ro/PNRR
https://www.edu.ro,Profilul cadrelor didactice,https://www.edu.ro/profil_standarde_profesionale_cadru_didactic
https://www.edu.ro,Proiecte,https://www.edu.ro/proiecte
https://www.edu.ro,Educație pentru Dezvoltare Durabilă,https://www.edu.ro/educa%C8%9Bie-pentru-dezvoltare-durabil%C4%83
https://www.edu.ro,Programe naţionale,programenationale
https://www.edu.ro,Burse școlare,https://www.edu.ro/burse_scolare
https://www.edu.ro,Proiectul Național „Masa Sănătoasă”,https://www.edu.ro/masa_sanatoasa
https://www.edu.ro,Euro 200,/euro-200
https://www.edu.ro,Rechizite școlare,/rechizite-scolare
https://www.edu.ro,Programul Școala după școală,/scoala-dupa-scoala
https://www.edu.ro,Programul „A doua şansă”,/a_doua_sansa
https://www.edu.ro,,https://edu.ro/legile_edu
https://www.edu.ro,,https://edu.ro/anti_violenta
https://www.edu.ro,Evaluarea Națională a absolvenților clasei a VIII-a (EN VIII),/evaluare_nationala_ENVIII
https://www.edu.ro,Bacalaureat,/bacalaureat
https://www.edu.ro,Politica privind cookies,/cookies
https://www.edu.ro,Învățământ liceal,/invatamant-liceal
https://www.edu.ro,"Cursurile anului şcolar 2016-2017 încep luni, 12 septembrie 2016",/cursurile-anului-%C5%9Fcolar-2016-2017-%C3%AEncep-luni-12-septembrie-2016
https://www.edu.ro,Admiterea în liceu și în învățâmântul profesional,/admitere-liceu-si-inv-profesional
https://www.edu.ro,Învățământ gimnazial,/invatamant-gimnazial
https://www.edu.ro,Mobilitatea personalului didactic,/mobilitate-personal-didactic
https://www.edu.ro,Olimpiade și concursuri,/olimpiade-si-concursuri
https://www.edu.ro,Manuale școlare,/manuale-scolare
https://www.edu.ro,,http://www.rei.gov.ro
https://www.edu.ro,,https://www.rei.gov.ro
https://www.edu.ro,,https://studyinromania.gov.ro/
https://www.edu.ro,,http://erris.gov.ro/
https://www.edu.ro,,https://www.siiir.edu.ro/carto/
https://www.edu.ro,,https://fiipregatit.ro/
https://www.edu.ro,,https://europa.eu/taxedu/home_ro
https://www.edu.ro,,
https://www.edu.ro,,/textsize/increase?destination=node
https://www.edu.ro,,/textsize/decrease?destination=node
https://www.edu.ro,,/textsize/normal?destination=node
https://www.edu.ro,Ridicat,drupalHighContrast.enableStyles()
https://www.edu.ro,Normal,drupalHighContrast.disableStyles()
https://www.edu.ro,Organigramă,/organigrama
https://www.edu.ro,Ordine de ministru,https://www.edu.ro/legisla%C8%9Bie-ordine-de-ministru
https://www.edu.ro,PNRR,http://edu.ro/PNRR
https://www.edu.ro,Harta site-ului,/sitemap
https://www.edu.ro,www.gov.ro,http://www.gov.ro
https://www.edu.ro,Proiecte acte normative,/proiecte-acte-normative
https://www.edu.ro,Declarații de avere și interese,/declaratii-avere-interese
https://www.edu.ro,Venituri angajați,https://www.edu.ro/venituri-angajati
https://www.edu.ro,Protecţia Datelor Personale,https://www.edu.ro/protec%C5%A3ia-datelor-cu-caracter-personal
https://www.edu.ro,Termeni și condiții,/termeni-şi-condiţii
https://www.edu.ro,,https://www.instagram.com/edu.gov.ro/
https://www.edu.ro,,https://www.facebook.com/www.edu.ro/
https://www.mae.ro,Ministerul Afacerilor Externe,/
https://www.mae.ro,RO,/
https://www.mae.ro,EN,/en
https://www.mae.ro,FR,/fr
https://www.mae.ro,Admitere MAE,/node/35613
https://www.mae.ro,Contact,/contact
https://www.mae.ro,Centrul de presă,/taxonomy/term/141
https://www.mae.ro,Petiţii,/petitions
https://www.mae.ro,RSS,/rss.xml
https://www.mae.ro,MAE,/taxonomy/term/423/1
https://www.mae.ro,Misiuni diplomatice,/romanian-missions
https://www.mae.ro,Domenii de referinţă,/taxonomy/term/333/1
https://www.mae.ro,Dosare de actualitate,/taxonomy/term/491/1
https://www.mae.ro,"Vize, servicii consulare",/taxonomy/term/450/2
https://www.mae.ro,"Sfaturi, alerte de călătorie",/node/1533
https://www.mae.ro,Președinția României,http://www.presidency.ro
https://www.mae.ro,Guvernul României,http://www.gov.ro
https://www.mae.ro,Misiuni ale României,/romanian-missions
https://www.mae.ro,Misiuni în România,/foreign-missions
https://www.mae.ro,Afaceri Europene,//afacerieuropene.mae.ro
https://www.mae.ro,Ţări - zone geografice,/map
https://www.mae.ro,Servicii consulare,/taxonomy/term/450/2
https://www.mae.ro,Agentul guvernamental pentru CEDO,/node/1872
https://www.mae.ro,Agentul guvernamental pentru CJUE,/node/20931
https://www.mae.ro,Controlul exporturilor,http://www.ancex.ro
https://www.mae.ro,Actualitatea,/actuality
https://www.mae.ro,Precizări de presă,/node/66146
https://www.mae.ro,Citeşte mai mult,/node/66146
https://www.mae.ro,Luminița Odobescu la reuniunea miniștrilor afacerilor externe din statele membre ale UE,/node/66123
https://www.mae.ro,,sites/default/files/image/anul_2024/actualitatea_2024/2024.12.16_lo_cae_6.jpg
https://www.mae.ro,Citeşte mai mult,/node/66123
https://www.mae.ro,România sprijină alte state membre UE în operaţiunile de evacuare medicală din Fâşia Gaza,/node/66077
https://www.mae.ro,Citeşte mai mult,/node/66077
https://www.mae.ro,Mesajul ministrului afacerilor externe Luminița Odobescu cu ocazia Zilei Naționale,/node/66035
https://www.mae.ro,Citeşte mai mult,/node/66035
https://www.mae.ro,toate articolele,/actuality
https://www.mae.ro,,/node/66124
https://www.mae.ro,Participarea ministrului Luminița Odobescu la reuniunea miniștrilor de externe din statele membre ale UE,/node/66123
https://www.mae.ro,,/node/66123
https://www.mae.ro,,/node/66066
https://www.mae.ro,Participarea ministrului afacerilor externe Luminița Odobescu la reuniunea miniștrilor afacerilor externe din statele membre NATO,/node/66065
https://www.mae.ro,,/node/66065
https://www.mae.ro,Ministerul Afacerilor Externe,/taxonomy/term/423/1
https://www.mae.ro,Mandat.,/node/1603
https://www.mae.ro,Conducere.,/node/1965
https://www.mae.ro,Agenda,http://www.mae.ro/agenda/
https://www.mae.ro,Legislație.,/node/1998
https://www.mae.ro,Organizare.,/node/1604
https://www.mae.ro,Carieră.,/taxonomy/term/430/2
https://www.mae.ro,Concursuri,/node/35613
https://www.mae.ro,Programe și strategii,/node/35303
https://www.mae.ro,Proiecte.,/node/35418
https://www.mae.ro,Rapoarte,/node/15001
https://www.mae.ro,Transparenţă decizională,/node/2011
https://www.mae.ro,I,/node/16699
https://www.mae.ro,ntegritate,https://www.mae.ro/node/16699
https://www.mae.ro,Audit intern,/node/33909
https://www.mae.ro,Scurt istoric.,/node/35446
https://www.mae.ro,Arhiva diplomatică.,/node/1529
https://www.mae.ro,Protecția datelor cu caracter personal,/node/46032
https://www.mae.ro,Informare cu privire la protecția datelor cu caracter personal.,/node/46032
https://www.mae.ro,Prelucrarea datelor cu caracter personal în domeniul vizelor şi al permiselor de mic trafic de frontieră,/node/39062
https://www.mae.ro,Informații de interes public,http://www.mae.ro/taxonomy/term/439/2
https://www.mae.ro,Contact,/contact
https://www.mae.ro,Buget.,/node/55279
https://www.mae.ro,Bilanțuri contabile,http://www.mae.ro/node/4806
https://www.mae.ro,Achiziții publice,/node/18911
https://www.mae.ro,Solicitare informații,/node/35571
https://www.mae.ro,Declarații avere-interese,/node/5104
https://www.mae.ro,toate articolele,/taxonomy/term/423/1
https://www.mae.ro,Misiuni diplomatice ale României în străinătate,/romanian-missions
https://www.mae.ro,Ambasade.  Oficii consulare.  Misiuni permanente.  Institute culturale.,/romanian-missions
https://www.mae.ro,Alegeţi ţara şi misiunea care vă interesează,/romanian-missions
https://www.mae.ro,Domenii de referinţă,/taxonomy/term/333/1
https://www.mae.ro,Afaceri europene,/taxonomy/term/519/2
https://www.mae.ro,Cooperare regională,/taxonomy/term/334/2
https://www.mae.ro,Relaţii bilaterale. Parteneriate,/bilateral-relations
https://www.mae.ro,Tratate. Drept internaţional,/taxonomy/term/376/2
https://www.mae.ro,Securitate internaţională,/taxonomy/term/344/2
https://www.mae.ro,Organizaţii internaţionale,/taxonomy/term/354/2
https://www.mae.ro,Asistenţa pentru dezvoltare,/node/1381
https://www.mae.ro,Diplomaţia publică şi culturală,/taxonomy/term/364/2
https://www.mae.ro,toate articolele,/taxonomy/term/333/1
https://www.mae.ro,Dosare de actualitate,/taxonomy/term/491/1
https://www.mae.ro,BREXIT,http://www.mae.ro/brexit
https://www.mae.ro,Strategia Global Gateway a Uniunii Europene,/node/61559
https://www.mae.ro,Candidatura României la OCDE,http://www.mae.ro/node/18539
https://www.mae.ro,Semestrul European,https://www.mae.ro/node/47936
https://www.mae.ro,Securitatea energetică,https://www.mae.ro/node/1602
https://www.mae.ro,Inițiativa celor 3 Mări,https://www.mae.ro/node/49437
https://www.mae.ro,Sistemul de apărare antirachetă,/node/1517
https://www.mae.ro,toate articolele,/taxonomy/term/491/1
https://www.mae.ro,Vize şi servicii consulare,/taxonomy/term/450/2
https://www.mae.ro,Regimul de călătorie în străinătate pentru cetăţenii români,http://www.mae.ro/node/1422
https://www.mae.ro,Asistenţă şi servicii consulare pentru cetăţenii români,/taxonomy/term/451/1
https://www.mae.ro,CALL-CENTER,http://informatiiconsulare.ro/mae/
https://www.mae.ro,Portal eCONSULAT,https://www.econsulat.ro
https://www.mae.ro,Vize - informaţii pentru cetăţenii străini,/node/26966
https://www.mae.ro,Portal E-VISA,http://evisa.mae.ro
https://www.mae.ro,Proiecte în domeniul consular,/node/29926
https://www.mae.ro,toate articolele,/taxonomy/term/450/2
https://www.mae.ro,Sfaturi şi alerte de călătorie,/node/1533
https://www.mae.ro,Riscuri de securitate pentru cetăţenii români,http://www.mae.ro/node/29122
https://www.mae.ro,Alerte de călătorie,/travel-alerts
https://www.mae.ro,Condiţii de călătorie,/travel-conditions
https://www.mae.ro,Ghiduri de călătorie,/node/1552
https://www.mae.ro,Campanii de informare,/node/16698
https://www.mae.ro,Sfaturi utile,/node/24226
https://www.mae.ro,toate articolele,/node/1533
https://www.mae.ro,,https://www.mae.ro/node/65571
https://www.mae.ro,,https://www.mae.ro/node/63584
https://www.mae.ro,,https://www.mae.ro/node/64178
https://www.mae.ro,,https://www.mae.ro/node/63208
https://www.mae.ro,,https://www.mae.ro/node/26966
https://www.mae.ro,Comunicate de presă,/taxonomy/term/141
https://www.mae.ro,Precizări de presă,/node/66146
https://www.mae.ro,Precizări de presă,/node/66143
https://www.mae.ro,Participarea secretarului de stat pentru afaceri europene Clara Staicu la cea de-a 49-a reuniune a Consiliului Ministerial al Organizaţiei Cooperării Economice la Marea Neagră,/node/66139
https://www.mae.ro,Agenda MAE,/agenda/
https://www.mae.ro,Declaraţii,/taxonomy/term/142
https://www.mae.ro,Interviuri,/taxonomy/term/947
https://www.mae.ro,Discursuri,/taxonomy/term/145
https://www.mae.ro,Galerii Media,/taxonomy/term/143
https://www.mae.ro,,/node/66124
https://www.mae.ro,,/node/66118
https://www.mae.ro,foto,/taxonomy/term/143
https://www.mae.ro,video,/taxonomy/term/2175
https://www.mae.ro,,http://twitter.com/maeromania
https://www.mae.ro,,http://www.facebook.com/mae.romania
https://www.mae.ro,,http://www.instagram.com/mfaromania
https://www.mae.ro,,http://www.flickr.com/photos/maeromania/
https://www.mae.ro,,http://www.youtube.com/maeromania
https://www.mae.ro,Tweets by MAERomania,https://twitter.com/MAERomania
https://www.mae.ro,toate articolele,/taxonomy/term/141
https://www.mae.ro,,https://copiisinguriacasa.ro/
https://www.mae.ro,,https://www.mae.ro/expo2025
https://www.mae.ro,,https://3seas.eu/
https://www.mae.ro,,http://www.anfp.gov.ro/continut/CURSURI_GRATUITE_SIPOCA_870
https://www.mae.ro,,/sites/default/files/file/anul_2023/pdf_2023/flyer_viza_sua_web_links_aug2023.pdf
https://www.mae.ro,,https://www.mae.ro/node/55926
https://www.mae.ro,,http://www.mae.ro/brexit
https://www.mae.ro,,https://sgg.gov.ro
https://www.mae.ro,,http://www.fiipregatit.ro
https://www.mae.ro,,http://www.mae.ro/node/10250
https://www.mae.ro,,http://www.mae.ro/node/25006
https://www.mae.ro,,http://evisa.mae.ro/ro_home
https://www.mae.ro,,http://roaid.ro/
https://www.mae.ro,,/sites/default/files/file/brosura_ccc_final.pdf
https://www.mae.ro,,http://investromania.gov.ro/web/
https://www.mae.ro,,http://europa.eu/youreurope/
https://www.mae.ro,,http://www.mae.ro/node/19312
https://www.mae.ro,home,/
https://www.mae.ro,harta site,/sitemap
https://www.mae.ro,termeni şi condiţii,/termeni-conditii
https://www.mae.ro,email policy,http://www.mae.ro/sites/default/files/file/pdf/email_policy_mae.pdf
https://www.mae.ro,unsubscribe,/emailpolicy/unsubscribe
https://www.mae.ro,Avertisment de călătorie - Israel  •  	Există factori confirmaţi de risc – evitaţi călătoriile!,/travel-alerts/2938
https://www.mae.ro,Avertisment de călătorie - Afghanistan  •  	Pericol major-părăsiţi imediat zona sau ţara!,/travel-alerts/2884
https://www.mae.ro,Avertisment de călătorie - Azerbaidjan  •  	Evitați orice călătorie în anumite zone/regiuni!,/travel-alerts/32390
https://www.mae.ro,Avertisment de călătorie - Armenia  •  	Evitați orice călătorie în anumite zone/regiuni!,/travel-alerts/53727
https://www.mae.ro,Avertisment de călătorie – Irak  •  	Există factori confirmați de risc – evitaţi călătoriile!,/travel-alerts/2936
https://www.mae.ro,Avertisment de călătorie - Libia  •  	Pericol major-părăsiţi imediat zona sau ţara!,/travel-alerts/2897
https://www.mae.ro,Avertisment de călătorie - Siria  •  	Pericol major – părăsiţi imediat ţara!,/travel-alerts/7955
https://www.mae.ro,Avertisment de călătorie – Kenya  •  	Există factori de risc – evitaţi călătoriile!,/travel-alerts/2894
https://www.mae.ro,Avertisment de călătorie – Sudanul de Sud  •  	Există factori confirmaţi de risc – evitaţi călătoriile!,/travel-alerts/23853
https://www.mae.ro,Avertisment de călătorie – Liban  •  	Există factori de risc – evitaţi orice călătorie!,/travel-alerts/2896
https://www.mae.ro,Avertisment de călătorie - Mali  •  	Există factori confirmaţi de risc – evitaţi călătoriile!,/travel-alerts/2903
https://www.madr.ro,,https://dj-extensions.com
https://www.madr.ro,Web Accessibility plugin,https://dj-extensions.com/yootheme/dj-accessibility
https://www.madr.ro,,https://www.madr.ro/
https://www.madr.ro,,/en/
https://www.madr.ro,,http://gov.ro/
https://www.madr.ro,,https://www.madr.ro/
https://www.madr.ro,,/en/
https://www.madr.ro,,/
https://www.madr.ro,,/
https://www.madr.ro,Despre instituție,/minister.html
https://www.madr.ro,Interes public,/interes-public.html
https://www.madr.ro,Transparență decizională,/transparenta.html
https://www.madr.ro,Media,/comunicare.html
https://www.madr.ro,Agricultura,/agricultura.html
https://www.madr.ro,Dezvoltare rurala,/dezvoltare-rurala.html
https://www.madr.ro,Ind. Alimentara,/ind-alimentara.html
https://www.madr.ro,Fitosanitar,/fitosanitar.html
https://www.madr.ro,Pescuit,http://ampeste.ro/
https://www.madr.ro,Contact,/sitemap.html
https://www.madr.ro,,/comunicare/9420-lansarea-celei-de-a-doua-sesiuni-de-primire-a-proiectelor-aferente-schemei-de-energie.html
https://www.madr.ro,Lansarea celei de-a doua sesiuni de primire a proiectelor  aferente Schemei de Energie,/comunicare/9420-lansarea-celei-de-a-doua-sesiuni-de-primire-a-proiectelor-aferente-schemei-de-energie.html
https://www.madr.ro,citeste mai mult,/comunicare/9420-lansarea-celei-de-a-doua-sesiuni-de-primire-a-proiectelor-aferente-schemei-de-energie.html
https://www.madr.ro,,/comunicare/9416-termene-de-implementare-prelungite-pentru-mecanismul-de-licentiere-a-produselor-agricole-pentru-unele-produse-din-ucraina-si-pentru-masurile-cu-caracter-temporar-de-combatere-a-cresterii-excesive-a-preturilor-la-unele-produse-agricole-si-alimentare.html
https://www.madr.ro,Termene de implementare prelungite pentru mecanismul de licențiere a produselor agricole pentru unele produse din Ucraina și pentru măsurile cu caracter temporar de combatere a creşterii excesive a...,/comunicare/9416-termene-de-implementare-prelungite-pentru-mecanismul-de-licentiere-a-produselor-agricole-pentru-unele-produse-din-ucraina-si-pentru-masurile-cu-caracter-temporar-de-combatere-a-cresterii-excesive-a-preturilor-la-unele-produse-agricole-si-alimentare.html
https://www.madr.ro,citeste mai mult,/comunicare/9416-termene-de-implementare-prelungite-pentru-mecanismul-de-licentiere-a-produselor-agricole-pentru-unele-produse-din-ucraina-si-pentru-masurile-cu-caracter-temporar-de-combatere-a-cresterii-excesive-a-preturilor-la-unele-produse-agricole-si-alimentare.html
https://www.madr.ro,,/comunicare/9413-targ-de-craciun-la-madr.html
https://www.madr.ro,Târg de Crăciun la MADR,/comunicare/9413-targ-de-craciun-la-madr.html
https://www.madr.ro,citeste mai mult,/comunicare/9413-targ-de-craciun-la-madr.html
https://www.madr.ro,,/comunicare/9403-in-sedinta-guvernului-din-data-de-12-12-2024-a-fost-aprobat-un-act-normativ-care-vizeaza-actualizarea-registrului-agricol-pentru-perioada-2025-2029.html
https://www.madr.ro,Comunicat de Presă,/comunicare/9403-in-sedinta-guvernului-din-data-de-12-12-2024-a-fost-aprobat-un-act-normativ-care-vizeaza-actualizarea-registrului-agricol-pentru-perioada-2025-2029.html
https://www.madr.ro,citeste mai mult,/comunicare/9403-in-sedinta-guvernului-din-data-de-12-12-2024-a-fost-aprobat-un-act-normativ-care-vizeaza-actualizarea-registrului-agricol-pentru-perioada-2025-2029.html
https://www.madr.ro,Ministerul Agriculturii și Dezvoltării Rurale,https://www.facebook.com/madr.ro/
https://www.madr.ro,RNDR,https://www.facebook.com/rndr.ro
https://www.madr.ro,POPAM,https://www.facebook.com/POPAM.2014.2020/
https://www.madr.ro,,https://servicii-publice.madr.ro/
https://www.madr.ro,Programul de guvernare 2023 - 2024 - Agricultură și dezvoltare rurală,/docs/minister/2023/program-guvernare-2023-2024-agricultura.pdf
https://www.madr.ro,,/docs/agricultura/imbunatatiri-funciare/2024/anunt-declansare-etapa-incadrare-Programul-national-de-infiintare-reabilitare-infrastructura-irigatii.pdf
https://www.madr.ro,Anunț privind declanșarea etapei de încadrare pentru Programul național de reabilitare și/sau înființare a infrastructurii principale de irigații și infrastructurii de desecare și drenaj,/docs/agricultura/imbunatatiri-funciare/2024/anunt-declansare-etapa-incadrare-Programul-national-de-infiintare-reabilitare-infrastructura-irigatii.pdf
https://www.madr.ro,Anunț nr. 2 privind declanșarea etapei de încadrare pentru Programul național de reabilitare și/sau înființare a infrastructurii principale de irigații și infrastructurii de desecare și drenaj (publicat 27.08.2024),/docs/agricultura/imbunatatiri-funciare/2024/Anunt_2_PNI_27.08.2024.pdf
https://www.madr.ro,,/cresterea-animalelor.html
https://www.madr.ro,Anunț privind deschiderea sesiunii de depunere a documentației și de selecție a solicitărilor pentru obținerea autorizațiilor de clasificare a carcaselor 2023,https://apia.org.ro/noutate/anunt-de-lansare-a-sesiunii-1-de-depunere-a-cererilor-de-finantare-pentru-accesarea-schemei-de-ajutor-de-stat-silvo-mediu-si-clima-aferenta-interventiei-dr-07silvo-mediu-s/
https://www.madr.ro,,/docs/agricultura/PPA-procedura.pdf
https://www.madr.ro,Acțiuni de combatere a Pestei Porcine Africane,/docs/agricultura/PPA-procedura.pdf
https://www.madr.ro,,/docs/dezvoltare-rurala/2018/calendar-pndr-2018.pdf
https://www.madr.ro,,http://www.meteoromania.ro/
https://www.madr.ro,,/planul-national-strategic-pac-post-2020.html
https://www.madr.ro,,https://madr.ro/masuri-si-interventii-de-mediu-clima-si-bunastarea-animalelor.html
https://www.madr.ro,"Măsuri și intervenții de mediu, climă și bunăstarea animalelor 2025",https://madr.ro/masuri-si-interventii-de-mediu-clima-si-bunastarea-animalelor/materiale-de-informare/masuri-si-interventii-de-mediu-clima-si-bunastarea-animalelor-2025.html
https://www.madr.ro,,/docs/agricultura/imbunatatiri-funciare/2024/anunt-declansare-etapa-incadrare-Programul-national-de-infiintare-reabilitare-infrastructura-irigatii.pdf
https://www.madr.ro,,/docs/dezvoltare-rurala/2024/Lista-detaliat%C4%83-a-coeficien%C8%9Bilor-standard-output---SOC-2020.pdf
https://www.madr.ro,,/docs/dezvoltare-rurala/2024/Lista-detaliat%C4%83-a-coeficien%C8%9Bilor-standard-output---SOC-2020.pdf
https://www.madr.ro,Lista detaliată a coeficienților standard  output - SOC 2020,/docs/dezvoltare-rurala/2024/Lista-detaliată-a-coeficienților-standard-output---SOC-2020.pdf
https://www.madr.ro,PLANUL STRATEGIC PAC 2023-2027 versiunea 7.1 - APROBATĂ,/docs/dezvoltare-rurala/plan-national-strategic/2024/PS-PAC-2023-2027-v7.1-aprobata.pdf
https://www.madr.ro,Ghidul Solicitantului pentru accesarea Schemei de ajutor privind sprijinirea investiţiilor în noi capacităţi de producere a energiei electrice produsă din surse regenerabile pentru autoconsumul întreprinderilor din cadrul sectorului agricol și industriei alimentare,https://www.afir.ro/domenii-de-interventie/detalii-si-anexe-schema-energie/
https://www.madr.ro,Cerere finantare - schema energie,/docs/dezvoltare-rurala/2024/CF-Surse-regenerabile-de-energie-și-stocarea-energiei.pdf
https://www.madr.ro,,https://www.adobe.com/ro/acrobat/pdf-reader.html
https://www.madr.ro,https://www.adobe.com/ro/acrobat/pdf-reader.html,https://www.adobe.com/ro/acrobat/pdf-reader.html
https://www.madr.ro,,/docs/dezvoltare-rurala/2023/Program-National-de-Dezvoltare-Rurala-2014-2020-v16.1.pdf
https://www.madr.ro,PROGRAMUL NAȚIONAL DE DEZVOLTARE RURALĂ 2014 - 2020 versiunea 19.0,/docs/dezvoltare-rurala/2024/Programul-National-de-Dezvoltare-Rurala-2014-2020---versiunea-19.0.pdf
https://www.madr.ro,"Ghidul Solicitantului - DR 37 - Transfer de cunoștințe, publicare în transparență - Apel 1/2024",/docs/dezvoltare-rurala/plan-national-strategic/2024/Implementare-PS-PAC/GS-1_2024-DR-37-transparență.pdf
https://www.madr.ro,,/docs/dezvoltare-rurala/2023/Program-National-de-Dezvoltare-Rurala-2014-2020-v16.1.pdf
https://www.madr.ro,Informații minime privind conținutul acordului de parteneriat ce va fi utilizat pentru Strategia de Dezvoltare Locală 2023-2027,/docs/dezvoltare-rurala/Axa_LEADER/2023-2027/2023/info-minime-continut-acord-parteneriat-SDL-2023-2027.pdf
https://www.madr.ro,"Raport de Selecție Intermediar al Strategiilor de Dezvoltare Locală, ses.01/2023 - MONOFOND",/docs/dezvoltare-rurala/Axa_LEADER/2023-2027/2024/Raport-selectie-intermediar-monofond.pdf
https://www.madr.ro,"Raport de Selecție Intermediar al Strategiilor de Dezvoltare Locală, ses.01/2023 - MULTIFOND",/docs/dezvoltare-rurala/Axa_LEADER/2023-2027/2024/Raport-selectie-intermediar-multifond.pdf
https://www.madr.ro,Codul de conduită al utilizatorului profesionist de produse de protecţie a plantelor şi al apicultorului,/docs/agricultura/programul-national-apicol/2023/OMADR-185-10.05.2023-Cod-conduita-utilizator-produse-protectie-plante-si-apicultor.pdf
https://www.madr.ro,Ianuarie,/conducere/agenda-demnitarilor/monthcalendar/2025/1/-.html
https://www.madr.ro,2025,/conducere/agenda-demnitarilor/eventsbyyear/2025/-.html
https://www.madr.ro,1,/conducere/agenda-demnitarilor/eventsbyday/2025/1/1/-.html
https://www.madr.ro,2,/conducere/agenda-demnitarilor/eventsbyday/2025/1/2/-.html
https://www.madr.ro,3,/conducere/agenda-demnitarilor/eventsbyday/2025/1/3/-.html
https://www.madr.ro,4,/conducere/agenda-demnitarilor/eventsbyday/2025/1/4/-.html
https://www.madr.ro,5,/conducere/agenda-demnitarilor/eventsbyday/2025/1/5/-.html
https://www.madr.ro,6,/conducere/agenda-demnitarilor/eventsbyday/2025/1/6/-.html
https://www.madr.ro,7,/conducere/agenda-demnitarilor/eventsbyday/2025/1/7/-.html
https://www.madr.ro,8,/conducere/agenda-demnitarilor/eventsbyday/2025/1/8/-.html
https://www.madr.ro,9,/conducere/agenda-demnitarilor/eventsbyday/2025/1/9/-.html
https://www.madr.ro,10,/conducere/agenda-demnitarilor/eventsbyday/2025/1/10/-.html
https://www.madr.ro,11,/conducere/agenda-demnitarilor/eventsbyday/2025/1/11/-.html
https://www.madr.ro,12,/conducere/agenda-demnitarilor/eventsbyday/2025/1/12/-.html
https://www.madr.ro,13,/conducere/agenda-demnitarilor/eventsbyday/2025/1/13/-.html
https://www.madr.ro,14,/conducere/agenda-demnitarilor/eventsbyday/2025/1/14/-.html
https://www.madr.ro,15,/conducere/agenda-demnitarilor/eventsbyday/2025/1/15/-.html
https://www.madr.ro,16,/conducere/agenda-demnitarilor/eventsbyday/2025/1/16/-.html
https://www.madr.ro,17,/conducere/agenda-demnitarilor/eventsbyday/2025/1/17/-.html
https://www.madr.ro,18,/conducere/agenda-demnitarilor/eventsbyday/2025/1/18/-.html
https://www.madr.ro,19,/conducere/agenda-demnitarilor/eventsbyday/2025/1/19/-.html
https://www.madr.ro,20,/conducere/agenda-demnitarilor/eventsbyday/2025/1/20/-.html
https://www.madr.ro,21,/conducere/agenda-demnitarilor/eventsbyday/2025/1/21/-.html
https://www.madr.ro,22,/conducere/agenda-demnitarilor/eventsbyday/2025/1/22/-.html
https://www.madr.ro,23,/conducere/agenda-demnitarilor/eventsbyday/2025/1/23/-.html
https://www.madr.ro,24,/conducere/agenda-demnitarilor/eventsbyday/2025/1/24/-.html
https://www.madr.ro,25,/conducere/agenda-demnitarilor/eventsbyday/2025/1/25/-.html
https://www.madr.ro,26,/conducere/agenda-demnitarilor/eventsbyday/2025/1/26/-.html
https://www.madr.ro,27,/conducere/agenda-demnitarilor/eventsbyday/2025/1/27/-.html
https://www.madr.ro,28,/conducere/agenda-demnitarilor/eventsbyday/2025/1/28/-.html
https://www.madr.ro,29,/conducere/agenda-demnitarilor/eventsbyday/2025/1/29/-.html
https://www.madr.ro,30,/conducere/agenda-demnitarilor/eventsbyday/2025/1/30/-.html
https://www.madr.ro,31,/conducere/agenda-demnitarilor/eventsbyday/2025/1/31/-.html
https://www.madr.ro,Legislatie,/legislatie.html
https://www.madr.ro,Conducere,/conducere.html
https://www.madr.ro,Agenda demnitarilor,/conducere/agenda-demnitarilor.html
https://www.madr.ro,Agenda ministru,/conducere/agenda-demnitarilor/agenda-ministrului.html
https://www.madr.ro,Agenda secretari de stat,/conducere/agenda-demnitarilor/secretari-de-stat.html
https://www.madr.ro,Organizare,/organizare.html
https://www.madr.ro,Organigrama,/organizare/organigrama.html
https://www.madr.ro,Institutii în subordinea MADR,/organizare/institutii-in-subordine.html
https://www.madr.ro,Directii pentru agricultură județene și a municipiului București,/organizare/institutii-in-subordine/directii-pentru-agricultura-judetene-si-a-municipiului-bucuresti.html
https://www.madr.ro,Regulamentul de organizare si functionare al MADR,/organizare/regulamentul-de-organizare-si-functionare-al-madr.html
https://www.madr.ro,Codul de etică al MADR,/organizare/codul-de-etica-al-madr.html
https://www.madr.ro,Raportări în interes public,/organizare/raportari-in-interes-public.html
https://www.madr.ro,Posturi scoase la concurs,/organizare/posturi-scoase-la-concurs.html
https://www.madr.ro,Etapa selectie proiecte pilot,/organizare/posturi-scoase-la-concurs/etapa-selectie-proiecte-pilot.html
https://www.madr.ro,Formulare pentru concurs,/organizare/posturi-scoase-la-concurs/formulare-pentru-concurs.html
https://www.madr.ro,Istoricul agriculturii,/istoricul-agriculturii.html
https://www.madr.ro,Istoricul Palatului Agriculturii,/istoricul-agriculturii/istoricul-palatului-agriculturii.html
https://www.madr.ro,Istoricul instituției,/istoricul-agriculturii/istoricul-institutiei.html
https://www.madr.ro,Istoricul agriculturii în România,/istoricul-agriculturii/istoricul-agriculturii-in-romania.html
https://www.madr.ro,,/ro/programul-national-apicol.html
https://www.madr.ro,,/docs/documente/Ambrozia/Ambrozia.pdf
https://www.madr.ro,,/docs/agricultura/imbunatatiri-funciare/2024/anunt-declansare-etapa-incadrare-Programul-national-de-infiintare-reabilitare-infrastructura-irigatii.pdf
https://www.madr.ro,Ghidul autorităților publice pentru accesul publicului la informația de mediu,/docs/Ghidul-autorităţilor-publice-pentru-accesul-publicului-la-informaţia-de-mediu.pdf
https://www.madr.ro,,/proiectul-rapid-prevenirea-si-reducerea-poluarii-din-spatiul-rural-in-romania.html
https://www.madr.ro,,https://infonitrati.apanoastra.ro/
https://www.madr.ro,,/ro/anunturi-achizitii.html
https://www.madr.ro,ACHIZIŢII PUBLICE,/ro/anunturi-achizitii.html
https://www.madr.ro,,/comunicare/3867-informare-de-presa.html
https://www.madr.ro,PROGRAMUL PENTRU ȘCOLI,/programul-pentru-scoli.html
https://www.madr.ro,,/ro/horticultura/viticultura-vinificatie/promovarea-vinurilor-pe-pietele-tarilor-terte.html
https://www.madr.ro,,/ro/reteaua-de-informatii-contabile-agricole-rica.html
https://www.madr.ro,,/proiecte-cu-finantare-nerambursabila.html
https://www.madr.ro,,https://www.imminvest.ro/
https://www.madr.ro,,https://www.rrn-pac.eu/
https://www.madr.ro,,/axa-leader/leader-2014-2020.html
https://www.madr.ro,,/agricultura-ecologica.html
https://www.madr.ro,Agricultură ecologică,/docs/agricultura/agricultura-ecologica/2023/Ghid-inregistrare-operatori-ae.pdf
https://www.madr.ro,,/terenuri-agricole/
https://www.madr.ro,,/pnrr-planul-national-de-redresare-si-rezilienta.html
https://www.madr.ro,REGISTRUL UNIC - VÂNZAREA,https://vanzareterenuri.madr.ro/
https://www.madr.ro,TERENURILOR AGRICOLE,https://vanzareterenuri.madr.ro/
https://www.madr.ro,SERSPAR - Sistemul Electronic de Raportare a Stocurilor de Produse Agroalimentare,https://stocuri.madr.ro/
https://www.madr.ro,,https://cpac.afir.info/
https://www.madr.ro,C P A C Catalogul Produselor Alimentare Certificate,https://cpac.afir.info/
https://www.madr.ro,,/component/k2/5519-strategia-nationala-de-reabilitare-si-extindere-a-infrastructurii-de-irigatii-din-romania.html
https://www.madr.ro,,/agricultura-ecologica/inregistrarea-operatorilor-in-agricultura-ecologica.html
https://www.madr.ro,,https://ec.europa.eu/solvit/index_ro.htm
https://www.madr.ro,,https://fiipregatit.ro/
https://www.madr.ro,Descarcă aplicația - Apel 112,https://www.sts.ro/ro/serviciu-localizare-apel-112
https://www.madr.ro,,http://conect.gov.ro/1/
https://www.madr.ro,APIA,http://www.apia.org.ro/
https://www.madr.ro,AFIR,https://www.afir.ro/
https://www.madr.ro,ANSVSA,http://www.ansvsa.ro/
https://www.madr.ro,,http://www.apdrp.ro/
https://www.madr.ro,ANZ,http://www.anarz.eu/
https://www.madr.ro,,http://www.apdrp.ro/
https://www.madr.ro,ANZM,http://azm.gov.ro/
https://www.madr.ro,ANPA,http://www.anpa.ro/
https://www.madr.ro,,http://www.domeniilestatului.ro/
https://www.madr.ro,ANIF,http://www.anif.ro/
https://www.madr.ro,,http://www.apdrp.ro/
https://www.madr.ro,ONVPV,http://www.onvpv.ro/
https://www.madr.ro,ISTIS,http://istis.ro/
https://www.madr.ro,,/organizare/institutii-in-subordine/directii-agricole-judetene.html
https://www.madr.ro,DAJ,/docs/minister/2023/directii-agricole-judetene-DAJ-update-26.06.2023.pdf
https://www.madr.ro,ADS,http://www.domeniilestatului.ro/
https://www.madr.ro,AASNACP,http://www.asnacp.eu/
https://www.madr.ro,FGCR,http://fgcr.ro/
https://www.madr.ro,,/directii-agricole-judetene.html
https://www.madr.ro,Facebook,https://www.facebook.com/madr.ro
https://www.madr.ro,Facebook,https://www.facebook.com/madr.ro
https://www.madr.ro,Youtube,https://www.youtube.com/user/ComunicareMADR
https://www.madr.ro,RSS,https://madr.ro/comunicare.feed
